<?xml version="1.0" encoding="UTF-8"?><?xml-stylesheet type="text/css" href="idempiereDocument.css"?><idempiereDocument>
    <header>MRP_CDS Package Description</header>
    <H1>Package Name:</H1>
    <packagename>MRP_CDS</packagename>
    <H1>Author:</H1>
    <Name:/>
    <H1>Email Address:</H1>
    <Email/>
    <H1>Created:</H1>
    <Date>2025-01-08 11:22:07.271</Date>
    <H1>Updated:</H1>
    <Date>2025-01-13 16:45:03.412</Date>
    <H1>Description:</H1>
    <description>Se agreggo en el proceso de MRP el filtro de rango de fechas de DatePromised
Tambien agrega el SpicificationResult</description>
    <H1>Instructions:</H1>
    <instructions/>
    <H1>Files in Package:</H1>
    <file>File: PackOut.xml</file>
    <filedirectory>Directory: \dict\</filedirectory>
    <filenotes>Notes: Contains all application/object settings for package</filenotes>
    <H1>Client:</H1>
    <Client>0-SYSTEM-System</Client>
</idempiereDocument>
