<?xml version="1.0" encoding="UTF-8"?><idempiere Name="2Pack_2.0.1" Version="2.0.1" idempiereVersion="" DataBaseVersion="" Description="" Author="" AuthorEmail="" CreatedDate="2024-12-26 16:44:56.3" UpdatedDate="2024-12-26 16:45:39.008" PackOutVersion="100" UpdateDictionary="false" Client="0-SYSTEM-System" AD_Client_UU="11237b53-9592-4af1-b3c5-afd216514b5d">
    <AD_Menu type="table">
        <Parent_ID reference="id">53053</Parent_ID>
        <SeqNo>1</SeqNo>
        <AD_Menu_ID>53055</AD_Menu_ID>
        <AD_Client_ID>0</AD_Client_ID>
        <AD_Org_ID>0</AD_Org_ID>
        <AD_Menu_ID>53055</AD_Menu_ID>
        <Name>Manufacturing Order</Name>
        <Description>Maintain Manufacturing Order</Description>
        <Action>W</Action>
        <AD_Window_ID reference="id">53009</AD_Window_ID>
        <AD_Workflow_ID reference="id"/>
        <AD_Task_ID reference="id"/>
        <AD_Org_ID reference="id">0</AD_Org_ID>
        <IsActive>Y</IsActive>
        <IsSummary>N</IsSummary>
        <AD_Process_ID reference="id"/>
        <IsSOTrx>N</IsSOTrx>
        <AD_Form_ID reference="id"/>
        <IsReadOnly>N</IsReadOnly>
        <EntityType>EE01</EntityType>
        <IsCentrallyMaintained>Y</IsCentrallyMaintained>
        <AD_Menu_UU>0934aef7-c89c-4de8-8534-9e589c0aeb24</AD_Menu_UU>
        <AD_InfoWindow_ID reference="id"/>
        <PredefinedContextVariables/>
        <AD_Menu_Trl type="translation">
            <Description>Mantenimiento de órdenes de manufactura</Description>
            <Name>Orden de Manufactura</Name>
            <AD_Language>es_CO</AD_Language>
            <IsActive>Y</IsActive>
            <IsTranslated>Y</IsTranslated>
        </AD_Menu_Trl>
        <AD_Menu_Trl type="translation">
            <Description>Maintain Manufacturing Order</Description>
            <Name>Manufacturing Order</Name>
            <AD_Language>es_CL</AD_Language>
            <IsActive>Y</IsActive>
            <IsTranslated>N</IsTranslated>
        </AD_Menu_Trl>
        <AD_Ref_List type="table">
            <AD_Client_ID>0</AD_Client_ID>
            <AD_Org_ID>0</AD_Org_ID>
            <Name>Suspended</Name>
            <Description/>
            <AD_Reference_ID reference="id">131</AD_Reference_ID>
            <ValidFrom/>
            <ValidTo/>
            <Value>SU</Value>
            <AD_Org_ID reference="id">0</AD_Org_ID>
            <IsActive>Y</IsActive>
            <EntityType>MM01</EntityType>
            <AD_Ref_List_UU>2fe872ec-1b49-405e-8d18-802d210d8261</AD_Ref_List_UU>
            <AD_Ref_List_Trl type="translation">
                <Description/>
                <Name>Suspended</Name>
                <AD_Language>es_CL</AD_Language>
                <IsActive>Y</IsActive>
                <IsTranslated>N</IsTranslated>
            </AD_Ref_List_Trl>
        </AD_Ref_List>
        <AD_Ref_List type="table">
            <AD_Client_ID>0</AD_Client_ID>
            <AD_Org_ID>0</AD_Org_ID>
            <Name>Activated</Name>
            <Description/>
            <AD_Reference_ID reference="id">131</AD_Reference_ID>
            <ValidFrom/>
            <ValidTo/>
            <Value>AC</Value>
            <AD_Org_ID reference="id">0</AD_Org_ID>
            <IsActive>Y</IsActive>
            <EntityType>MM01</EntityType>
            <AD_Ref_List_UU>243060ef-c4da-4906-a3a7-0bd0f42cdb15</AD_Ref_List_UU>
            <AD_Ref_List_Trl type="translation">
                <Description/>
                <Name>Activated</Name>
                <AD_Language>es_CL</AD_Language>
                <IsActive>Y</IsActive>
                <IsTranslated>N</IsTranslated>
            </AD_Ref_List_Trl>
        </AD_Ref_List>
        <AD_Ref_List type="table">
            <AD_Client_ID>0</AD_Client_ID>
            <AD_Org_ID>0</AD_Org_ID>
            <Name>Canceled</Name>
            <Description/>
            <AD_Reference_ID reference="id">131</AD_Reference_ID>
            <ValidFrom/>
            <ValidTo/>
            <Value>CA</Value>
            <AD_Org_ID reference="id">0</AD_Org_ID>
            <IsActive>Y</IsActive>
            <EntityType>MM01</EntityType>
            <AD_Ref_List_UU>d6a39d47-aaa6-4146-8753-7471f8b78991</AD_Ref_List_UU>
            <AD_Ref_List_Trl type="translation">
                <Description/>
                <Name>Canceled</Name>
                <AD_Language>es_CL</AD_Language>
                <IsActive>Y</IsActive>
                <IsTranslated>N</IsTranslated>
            </AD_Ref_List_Trl>
        </AD_Ref_List>
        <AD_Element type="table">
            <AD_Client_ID>0</AD_Client_ID>
            <AD_Org_ID>0</AD_Org_ID>
            <AD_Org_ID reference="id">0</AD_Org_ID>
            <IsActive>Y</IsActive>
            <ColumnName>PP_OrderRelated_ID</ColumnName>
            <Name>PP_OrderRelated_ID</Name>
            <Description/>
            <Help/>
            <PrintName>PP_OrderRelated_ID</PrintName>
            <PO_Description/>
            <PO_Help/>
            <PO_Name/>
            <PO_PrintName/>
            <EntityType>U</EntityType>
            <AD_Element_UU>3669d7a8-a44a-4ae9-85e8-6c56f40f0ed1</AD_Element_UU>
            <Placeholder/>
            <AD_Element_Trl type="translation">
                <Description/>
                <Help/>
                <Name>Orden relacionada</Name>
                <Placeholder/>
                <PO_Description/>
                <PO_Help/>
                <PO_Name/>
                <PO_PrintName/>
                <PrintName>Orden relacionada</PrintName>
                <AD_Language>es_CL</AD_Language>
                <IsActive>Y</IsActive>
                <IsTranslated>N</IsTranslated>
            </AD_Element_Trl>
        </AD_Element>
        <AD_Reference type="table">
            <AD_Client_ID>0</AD_Client_ID>
            <AD_Org_ID>0</AD_Org_ID>
            <Name>PP_Order</Name>
            <Description/>
            <Help/>
            <ValidationType>T</ValidationType>
            <AD_Org_ID reference="id">0</AD_Org_ID>
            <IsActive>Y</IsActive>
            <VFormat/>
            <EntityType>U</EntityType>
            <IsOrderByValue>N</IsOrderByValue>
            <AD_Reference_UU>44cec4c0-3e18-44e0-a6f4-87647d1da458</AD_Reference_UU>
            <AD_Element_ID reference="id"/>
            <ShowInactive>N</ShowInactive>
            <AD_Reference_Trl type="translation">
                <Description/>
                <Help/>
                <Name>PP_Order</Name>
                <AD_Language>es_CL</AD_Language>
                <IsActive>Y</IsActive>
                <IsTranslated>N</IsTranslated>
            </AD_Reference_Trl>
            <AD_Ref_Table type="table">
                <AD_Client_ID>0</AD_Client_ID>
                <AD_Org_ID>0</AD_Org_ID>
                <AD_Reference_ID reference="uuid" reference-key="AD_Reference">44cec4c0-3e18-44e0-a6f4-87647d1da458</AD_Reference_ID>
                <AD_Table_ID reference="id">53027</AD_Table_ID>
                <WhereClause/>
                <OrderByClause/>
                <AD_Org_ID reference="id">0</AD_Org_ID>
                <IsActive>Y</IsActive>
                <IsValueDisplayed>N</IsValueDisplayed>
                <EntityType>U</EntityType>
                <AD_Window_ID reference="id"/>
                <AD_Ref_Table_UU>08371606-89e0-4f87-b1e1-99b44c20dab2</AD_Ref_Table_UU>
                <AD_InfoWindow_ID reference="id"/>
                <AD_Display reference="id">53621</AD_Display>
                <AD_Key reference="id">53659</AD_Key>
            </AD_Ref_Table>
        </AD_Reference>
        <AD_Column type="table">
            <IsSyncDatabase>Y</IsSyncDatabase>
            <AD_Table_ID reference="id">53027</AD_Table_ID>
            <AD_Reference_Value_ID reference="uuid" reference-key="AD_Reference">44cec4c0-3e18-44e0-a6f4-87647d1da458</AD_Reference_Value_ID>
            <AD_Client_ID>0</AD_Client_ID>
            <AD_Org_ID>0</AD_Org_ID>
            <Version>0</Version>
            <Name>PP_OrderRelated_ID</Name>
            <Description/>
            <Help/>
            <AD_Val_Rule_ID reference="id"/>
            <ColumnName>PP_OrderRelated_ID</ColumnName>
            <DefaultValue/>
            <FieldLength>12</FieldLength>
            <IsKey>N</IsKey>
            <IsParent>N</IsParent>
            <IsMandatory>N</IsMandatory>
            <IsTranslated>N</IsTranslated>
            <IsIdentifier>N</IsIdentifier>
            <SeqNo>0</SeqNo>
            <IsEncrypted>N</IsEncrypted>
            <AD_Reference_ID reference="id">30</AD_Reference_ID>
            <AD_Org_ID reference="id">0</AD_Org_ID>
            <IsActive>Y</IsActive>
            <VFormat/>
            <Callout/>
            <AD_Element_ID reference="uuid" reference-key="AD_Element">3669d7a8-a44a-4ae9-85e8-6c56f40f0ed1</AD_Element_ID>
            <IsUpdateable>Y</IsUpdateable>
            <AD_Process_ID reference="id"/>
            <ValueMin/>
            <ValueMax/>
            <IsSelectionColumn>N</IsSelectionColumn>
            <ReadOnlyLogic/>
            <EntityType>U</EntityType>
            <IsAlwaysUpdateable>N</IsAlwaysUpdateable>
            <ColumnSQL/>
            <MandatoryLogic/>
            <IsAutocomplete>N</IsAutocomplete>
            <IsAllowLogging>Y</IsAllowLogging>
            <FormatPattern/>
            <AD_Chart_ID reference="id"/>
            <AD_Column_UU>a6538452-02bd-4410-9faf-0bde10fb93f3</AD_Column_UU>
            <IsAllowCopy>Y</IsAllowCopy>
            <SeqNoSelection>0</SeqNoSelection>
            <IsToolbarButton>N</IsToolbarButton>
            <IsSecure>N</IsSecure>
            <FKConstraintName>PPOrderRelated_PPOrder</FKConstraintName>
            <FKConstraintType>N</FKConstraintType>
            <PA_DashboardContent_ID reference="id"/>
            <Placeholder/>
            <IsHtml>N</IsHtml>
            <AD_Val_Rule_Lookup_ID reference="id"/>
            <AlwaysUpdatableLogic/>
            <AD_InfoWindow_ID reference="id"/>
        </AD_Column>
        <AD_Field type="table">
            <AD_Client_ID>0</AD_Client_ID>
            <AD_Org_ID>0</AD_Org_ID>
            <Name>PP_OrderRelated_ID</Name>
            <Description/>
            <Help/>
            <AD_Tab_ID reference="id">53054</AD_Tab_ID>
            <AD_Column_ID reference="uuid" reference-key="AD_Column">a6538452-02bd-4410-9faf-0bde10fb93f3</AD_Column_ID>
            <IsDisplayed>Y</IsDisplayed>
            <DisplayLogic/>
            <DisplayLength>12</DisplayLength>
            <SeqNo>70</SeqNo>
            <SortNo/>
            <IsSameLine>N</IsSameLine>
            <IsHeading>N</IsHeading>
            <IsFieldOnly>N</IsFieldOnly>
            <IsEncrypted>N</IsEncrypted>
            <AD_Org_ID reference="id">0</AD_Org_ID>
            <IsActive>Y</IsActive>
            <IsReadOnly>N</IsReadOnly>
            <IsCentrallyMaintained>Y</IsCentrallyMaintained>
            <AD_FieldGroup_ID reference="id"/>
            <EntityType>U</EntityType>
            <ObscureType/>
            <AD_Reference_ID reference="id"/>
            <IsMandatory/>
            <DefaultValue/>
            <AD_Reference_Value_ID reference="id"/>
            <AD_Val_Rule_ID reference="id"/>
            <Included_Tab_ID reference="id"/>
            <AD_Field_UU>f1e47626-f03e-4874-b825-dafec7899fc7</AD_Field_UU>
            <IsAllowCopy/>
            <IsDisplayedGrid>Y</IsDisplayedGrid>
            <SeqNoGrid>510</SeqNoGrid>
            <XPosition>4</XPosition>
            <ColumnSpan>2</ColumnSpan>
            <NumLines>1</NumLines>
            <IsQuickEntry>N</IsQuickEntry>
            <IsUpdateable/>
            <IsAlwaysUpdateable/>
            <MandatoryLogic/>
            <ReadOnlyLogic/>
            <IsToolbarButton/>
            <IsDefaultFocus>N</IsDefaultFocus>
            <IsAdvancedField>N</IsAdvancedField>
            <VFormat/>
            <AD_LabelStyle_ID reference="id"/>
            <AD_FieldStyle_ID reference="id"/>
            <IsQuickForm>N</IsQuickForm>
            <Placeholder/>
            <IsSelectionColumn/>
            <AD_Val_Rule_Lookup_ID reference="id"/>
            <ColumnSQL/>
            <AD_Chart_ID reference="id"/>
            <AlwaysUpdatableLogic/>
            <AD_Field_Trl type="translation">
                <Description/>
                <Help/>
                <Name>Orden relacionada</Name>
                <Placeholder/>
                <AD_Language>es_CL</AD_Language>
                <IsActive>Y</IsActive>
                <IsTranslated>N</IsTranslated>
            </AD_Field_Trl>
        </AD_Field>
        <AD_Column type="table">
            <IsSyncDatabase>Y</IsSyncDatabase>
            <AD_Table_ID reference="id">53031</AD_Table_ID>
            <AD_Reference_Value_ID reference="id"/>
            <AD_Client_ID>0</AD_Client_ID>
            <AD_Org_ID>0</AD_Org_ID>
            <Version>0</Version>
            <Name>Product</Name>
            <Description>Product, Service, Item</Description>
            <Help>Identifies an item which is either purchased or sold in this organization.</Help>
            <AD_Val_Rule_ID reference="id">231</AD_Val_Rule_ID>
            <ColumnName>M_Product_ID</ColumnName>
            <DefaultValue/>
            <FieldLength>22</FieldLength>
            <IsKey>N</IsKey>
            <IsParent>N</IsParent>
            <IsMandatory>N</IsMandatory>
            <IsTranslated>N</IsTranslated>
            <IsIdentifier>N</IsIdentifier>
            <SeqNo>0</SeqNo>
            <IsEncrypted>N</IsEncrypted>
            <AD_Reference_ID reference="id">30</AD_Reference_ID>
            <AD_Org_ID reference="id">0</AD_Org_ID>
            <IsActive>Y</IsActive>
            <VFormat/>
            <Callout/>
            <AD_Element_ID reference="id">454</AD_Element_ID>
            <IsUpdateable>Y</IsUpdateable>
            <AD_Process_ID reference="id"/>
            <ValueMin/>
            <ValueMax/>
            <IsSelectionColumn>N</IsSelectionColumn>
            <ReadOnlyLogic/>
            <EntityType>U</EntityType>
            <IsAlwaysUpdateable>N</IsAlwaysUpdateable>
            <ColumnSQL/>
            <MandatoryLogic/>
            <IsAutocomplete>N</IsAutocomplete>
            <IsAllowLogging>Y</IsAllowLogging>
            <FormatPattern/>
            <AD_Chart_ID reference="id"/>
            <AD_Column_UU>25fa403b-f0f9-4ced-af9b-a9a275ba0a05</AD_Column_UU>
            <IsAllowCopy>Y</IsAllowCopy>
            <SeqNoSelection>0</SeqNoSelection>
            <IsToolbarButton>N</IsToolbarButton>
            <IsSecure>N</IsSecure>
            <FKConstraintName>MProduct_PPOrderNodeAsset</FKConstraintName>
            <FKConstraintType>N</FKConstraintType>
            <PA_DashboardContent_ID reference="id"/>
            <Placeholder/>
            <IsHtml>N</IsHtml>
            <AD_Val_Rule_Lookup_ID reference="id"/>
            <AlwaysUpdatableLogic/>
            <AD_InfoWindow_ID reference="id"/>
        </AD_Column>
        <AD_Column type="table">
            <IsSyncDatabase>Y</IsSyncDatabase>
            <AD_Table_ID reference="id">53031</AD_Table_ID>
            <AD_Reference_Value_ID reference="id"/>
            <AD_Client_ID>0</AD_Client_ID>
            <AD_Org_ID>0</AD_Org_ID>
            <Version>0</Version>
            <Name>Attribute Set Instance</Name>
            <Description>Product Attribute Set Instance</Description>
            <Help>The values of the actual Product Attribute Instances.  The product level attributes are defined on Product level.</Help>
            <AD_Val_Rule_ID reference="id"/>
            <ColumnName>M_AttributeSetInstance_ID</ColumnName>
            <DefaultValue/>
            <FieldLength>22</FieldLength>
            <IsKey>N</IsKey>
            <IsParent>N</IsParent>
            <IsMandatory>N</IsMandatory>
            <IsTranslated>N</IsTranslated>
            <IsIdentifier>N</IsIdentifier>
            <SeqNo>0</SeqNo>
            <IsEncrypted>N</IsEncrypted>
            <AD_Reference_ID reference="id">35</AD_Reference_ID>
            <AD_Org_ID reference="id">0</AD_Org_ID>
            <IsActive>Y</IsActive>
            <VFormat/>
            <Callout/>
            <AD_Element_ID reference="id">2019</AD_Element_ID>
            <IsUpdateable>Y</IsUpdateable>
            <AD_Process_ID reference="id"/>
            <ValueMin/>
            <ValueMax/>
            <IsSelectionColumn>N</IsSelectionColumn>
            <ReadOnlyLogic/>
            <EntityType>U</EntityType>
            <IsAlwaysUpdateable>N</IsAlwaysUpdateable>
            <ColumnSQL/>
            <MandatoryLogic/>
            <IsAutocomplete>N</IsAutocomplete>
            <IsAllowLogging>Y</IsAllowLogging>
            <FormatPattern/>
            <AD_Chart_ID reference="id"/>
            <AD_Column_UU>98c7f5e1-45fb-4601-873b-8991c557af69</AD_Column_UU>
            <IsAllowCopy>Y</IsAllowCopy>
            <SeqNoSelection>0</SeqNoSelection>
            <IsToolbarButton>N</IsToolbarButton>
            <IsSecure>N</IsSecure>
            <FKConstraintName>MAttributeSetInstance_PPOrderN</FKConstraintName>
            <FKConstraintType>N</FKConstraintType>
            <PA_DashboardContent_ID reference="id"/>
            <Placeholder/>
            <IsHtml>N</IsHtml>
            <AD_Val_Rule_Lookup_ID reference="id"/>
            <AlwaysUpdatableLogic/>
            <AD_InfoWindow_ID reference="id"/>
        </AD_Column>
        <AD_Field type="table">
            <AD_Client_ID>0</AD_Client_ID>
            <AD_Org_ID>0</AD_Org_ID>
            <Name>Product</Name>
            <Description>Product, Service, Item</Description>
            <Help>Identifies an item which is either purchased or sold in this organization.</Help>
            <AD_Tab_ID reference="id">53043</AD_Tab_ID>
            <AD_Column_ID reference="uuid" reference-key="AD_Column">25fa403b-f0f9-4ced-af9b-a9a275ba0a05</AD_Column_ID>
            <IsDisplayed>Y</IsDisplayed>
            <DisplayLogic/>
            <DisplayLength>22</DisplayLength>
            <SeqNo>90</SeqNo>
            <SortNo/>
            <IsSameLine>N</IsSameLine>
            <IsHeading>N</IsHeading>
            <IsFieldOnly>N</IsFieldOnly>
            <IsEncrypted>N</IsEncrypted>
            <AD_Org_ID reference="id">0</AD_Org_ID>
            <IsActive>Y</IsActive>
            <IsReadOnly>N</IsReadOnly>
            <IsCentrallyMaintained>Y</IsCentrallyMaintained>
            <AD_FieldGroup_ID reference="id"/>
            <EntityType>U</EntityType>
            <ObscureType/>
            <AD_Reference_ID reference="id"/>
            <IsMandatory/>
            <DefaultValue/>
            <AD_Reference_Value_ID reference="id"/>
            <AD_Val_Rule_ID reference="id"/>
            <Included_Tab_ID reference="id"/>
            <AD_Field_UU>407cb6c5-6003-4ec7-94af-9ac75ca8979f</AD_Field_UU>
            <IsAllowCopy/>
            <IsDisplayedGrid>Y</IsDisplayedGrid>
            <SeqNoGrid>90</SeqNoGrid>
            <XPosition>1</XPosition>
            <ColumnSpan>2</ColumnSpan>
            <NumLines>1</NumLines>
            <IsQuickEntry>N</IsQuickEntry>
            <IsUpdateable/>
            <IsAlwaysUpdateable/>
            <MandatoryLogic/>
            <ReadOnlyLogic/>
            <IsToolbarButton/>
            <IsDefaultFocus>N</IsDefaultFocus>
            <IsAdvancedField>N</IsAdvancedField>
            <VFormat/>
            <AD_LabelStyle_ID reference="id"/>
            <AD_FieldStyle_ID reference="id"/>
            <IsQuickForm>N</IsQuickForm>
            <Placeholder/>
            <IsSelectionColumn/>
            <AD_Val_Rule_Lookup_ID reference="id"/>
            <ColumnSQL/>
            <AD_Chart_ID reference="id"/>
            <AlwaysUpdatableLogic/>
            <AD_Field_Trl type="translation">
                <Description>Product, Service, Item</Description>
                <Help>Identifies an item which is either purchased or sold in this organization.</Help>
                <Name>Product</Name>
                <Placeholder/>
                <AD_Language>es_CL</AD_Language>
                <IsActive>Y</IsActive>
                <IsTranslated>N</IsTranslated>
            </AD_Field_Trl>
        </AD_Field>
        <AD_Field type="table">
            <AD_Client_ID>0</AD_Client_ID>
            <AD_Org_ID>0</AD_Org_ID>
            <Name>Attribute Set Instance</Name>
            <Description>Product Attribute Set Instance</Description>
            <Help>The values of the actual Product Attribute Instances.  The product level attributes are defined on Product level.</Help>
            <AD_Tab_ID reference="id">53043</AD_Tab_ID>
            <AD_Column_ID reference="uuid" reference-key="AD_Column">98c7f5e1-45fb-4601-873b-8991c557af69</AD_Column_ID>
            <IsDisplayed>Y</IsDisplayed>
            <DisplayLogic/>
            <DisplayLength>22</DisplayLength>
            <SeqNo>100</SeqNo>
            <SortNo/>
            <IsSameLine>N</IsSameLine>
            <IsHeading>N</IsHeading>
            <IsFieldOnly>N</IsFieldOnly>
            <IsEncrypted>N</IsEncrypted>
            <AD_Org_ID reference="id">0</AD_Org_ID>
            <IsActive>Y</IsActive>
            <IsReadOnly>N</IsReadOnly>
            <IsCentrallyMaintained>Y</IsCentrallyMaintained>
            <AD_FieldGroup_ID reference="id"/>
            <EntityType>U</EntityType>
            <ObscureType/>
            <AD_Reference_ID reference="id"/>
            <IsMandatory/>
            <DefaultValue/>
            <AD_Reference_Value_ID reference="id"/>
            <AD_Val_Rule_ID reference="id"/>
            <Included_Tab_ID reference="id"/>
            <AD_Field_UU>8a46f69d-ebe6-4ad5-98fb-2bad13d114a8</AD_Field_UU>
            <IsAllowCopy/>
            <IsDisplayedGrid>Y</IsDisplayedGrid>
            <SeqNoGrid>100</SeqNoGrid>
            <XPosition>4</XPosition>
            <ColumnSpan>2</ColumnSpan>
            <NumLines>1</NumLines>
            <IsQuickEntry>N</IsQuickEntry>
            <IsUpdateable/>
            <IsAlwaysUpdateable/>
            <MandatoryLogic/>
            <ReadOnlyLogic/>
            <IsToolbarButton/>
            <IsDefaultFocus>N</IsDefaultFocus>
            <IsAdvancedField>N</IsAdvancedField>
            <VFormat/>
            <AD_LabelStyle_ID reference="id"/>
            <AD_FieldStyle_ID reference="id"/>
            <IsQuickForm>N</IsQuickForm>
            <Placeholder/>
            <IsSelectionColumn/>
            <AD_Val_Rule_Lookup_ID reference="id"/>
            <ColumnSQL/>
            <AD_Chart_ID reference="id"/>
            <AlwaysUpdatableLogic/>
            <AD_Field_Trl type="translation">
                <Description>Product Attribute Set Instance</Description>
                <Help>The values of the actual Product Attribute Instances.  The product level attributes are defined on Product level.</Help>
                <Name>Attribute Set Instance</Name>
                <Placeholder/>
                <AD_Language>es_CL</AD_Language>
                <IsActive>Y</IsActive>
                <IsTranslated>N</IsTranslated>
            </AD_Field_Trl>
        </AD_Field>
        <AD_Val_Rule type="table">
            <AD_Client_ID>0</AD_Client_ID>
            <AD_Org_ID>0</AD_Org_ID>
            <Name>PP_Product_BOMLine</Name>
            <Description/>
            <Type>S</Type>
            <Code>PP_Product_BOM_ID=@PP_Product_BOM_ID@</Code>
            <AD_Org_ID reference="id">0</AD_Org_ID>
            <IsActive>Y</IsActive>
            <EntityType>U</EntityType>
            <AD_Val_Rule_UU>14fddb43-1105-49f7-9e7c-e034da4a7d3c</AD_Val_Rule_UU>
        </AD_Val_Rule>
    </AD_Menu>
</idempiere>
