<?xml version="1.0" encoding="UTF-8"?><idempiere Name="2Pack_2.0.3" Version="2.0.3" idempiereVersion="" DataBaseVersion="" Description="Se agreggo en el proceso de MRP el filtro de rango de fechas de DatePromised" Author="" AuthorEmail="" CreatedDate="2025-01-08 11:22:07.271" UpdatedDate="2025-01-08 11:22:07.271" PackOutVersion="100" UpdateDictionary="false" Client="0-SYSTEM-System" AD_Client_UU="11237b53-9592-4af1-b3c5-afd216514b5d">
    <AD_Val_Rule type="table">
        <AD_Client_ID>0</AD_Client_ID>
        <AD_Org_ID>0</AD_Org_ID>
        <Name>C_OrderComplete</Name>
        <Description/>
        <Type>S</Type>
        <Code>DocStatus='CO' AND IsSOTrx = 'Y'</Code>
        <AD_Org_ID reference="id">0</AD_Org_ID>
        <IsActive>Y</IsActive>
        <EntityType>U</EntityType>
        <AD_Val_Rule_UU>b0fa5fe6-aca1-47a6-87e1-1a8d58af1ec1</AD_Val_Rule_UU>
    </AD_Val_Rule>
    <AD_Process_Para type="table">
        <AD_Client_ID>0</AD_Client_ID>
        <AD_Org_ID>0</AD_Org_ID>
        <AD_Org_ID reference="id">0</AD_Org_ID>
        <IsActive>Y</IsActive>
        <Name>Order</Name>
        <Description>Order</Description>
        <Help>The Order is a control document.  The  Order is complete when the quantity ordered is the same as the quantity shipped and invoiced.  When you close an order, unshipped (backordered) quantities are cancelled.</Help>
        <AD_Process_ID reference="id">53016</AD_Process_ID>
        <SeqNo>50</SeqNo>
        <AD_Reference_ID reference="id">200162</AD_Reference_ID>
        <AD_Reference_Value_ID reference="id">290</AD_Reference_Value_ID>
        <IsRange>N</IsRange>
        <AD_Val_Rule_ID reference="uuid" reference-key="AD_Val_Rule">b0fa5fe6-aca1-47a6-87e1-1a8d58af1ec1</AD_Val_Rule_ID>
        <FieldLength>300</FieldLength>
        <IsMandatory>N</IsMandatory>
        <DefaultValue/>
        <VFormat/>
        <ValueMin/>
        <ValueMax/>
        <ColumnName>C_Order_ID</ColumnName>
        <DefaultValue2/>
        <IsCentrallyMaintained>Y</IsCentrallyMaintained>
        <EntityType>U</EntityType>
        <AD_Element_ID reference="id">558</AD_Element_ID>
        <ReadOnlyLogic/>
        <DisplayLogic/>
        <AD_Process_Para_UU>5809caa4-840c-45da-9c88-6bdb81fb7cb2</AD_Process_Para_UU>
        <IsEncrypted>N</IsEncrypted>
        <MandatoryLogic/>
        <Query/>
        <AD_FieldGroup_ID reference="id"/>
        <Placeholder/>
        <Placeholder2/>
        <IsAutocomplete>N</IsAutocomplete>
        <DateRangeOption>D</DateRangeOption>
        <IsShowNegateButton>N</IsShowNegateButton>
        <AD_Process_Para_Trl type="translation">
            <Description>Orden de Venta</Description>
            <Help>La ID de la orden de ventas es un identificador único de la orden de ventas; Ésta es controlada por la secuencia del documento para este tipo de documento.</Help>
            <Name>Orden de Venta</Name>
            <Placeholder/>
            <Placeholder2/>
            <AD_Language>es_CL</AD_Language>
            <IsActive>Y</IsActive>
            <IsTranslated>Y</IsTranslated>
        </AD_Process_Para_Trl>
        <AD_Process_Para_Trl type="translation">
            <Description>Orden de Venta</Description>
            <Help>La ID de la orden de ventas es un identificador único de la orden de ventas; Ésta es controlada por la secuencia del documento para este tipo de documento.</Help>
            <Name>Orden de Venta</Name>
            <Placeholder/>
            <Placeholder2/>
            <AD_Language>es_CO</AD_Language>
            <IsActive>Y</IsActive>
            <IsTranslated>Y</IsTranslated>
        </AD_Process_Para_Trl>
    </AD_Process_Para>
    <AD_Process_Para type="table">
        <AD_Client_ID>0</AD_Client_ID>
        <AD_Org_ID>0</AD_Org_ID>
        <AD_Org_ID reference="id">0</AD_Org_ID>
        <IsActive>Y</IsActive>
        <Name>Date Promised</Name>
        <Description>Date Order was promised</Description>
        <Help>The Date Promised indicates the date, if any, that an Order was promised for.</Help>
        <AD_Process_ID reference="id">53016</AD_Process_ID>
        <SeqNo>60</SeqNo>
        <AD_Reference_ID reference="id">15</AD_Reference_ID>
        <AD_Reference_Value_ID reference="id"/>
        <IsRange>N</IsRange>
        <AD_Val_Rule_ID reference="id"/>
        <FieldLength>12</FieldLength>
        <IsMandatory>N</IsMandatory>
        <DefaultValue/>
        <VFormat/>
        <ValueMin/>
        <ValueMax/>
        <ColumnName>DatePromisedFrom</ColumnName>
        <DefaultValue2/>
        <IsCentrallyMaintained>N</IsCentrallyMaintained>
        <EntityType>U</EntityType>
        <AD_Element_ID reference="id">269</AD_Element_ID>
        <ReadOnlyLogic/>
        <DisplayLogic/>
        <AD_Process_Para_UU>0088aa03-01c1-45c3-9f3f-64f04fc64943</AD_Process_Para_UU>
        <IsEncrypted>N</IsEncrypted>
        <MandatoryLogic/>
        <Query/>
        <AD_FieldGroup_ID reference="id"/>
        <Placeholder/>
        <Placeholder2/>
        <IsAutocomplete>N</IsAutocomplete>
        <DateRangeOption>D</DateRangeOption>
        <IsShowNegateButton>N</IsShowNegateButton>
        <AD_Process_Para_Trl type="translation">
            <Description/>
            <Help/>
            <Name>Fecha Prometida Desde</Name>
            <Placeholder/>
            <Placeholder2/>
            <AD_Language>es_CL</AD_Language>
            <IsActive>Y</IsActive>
            <IsTranslated>N</IsTranslated>
        </AD_Process_Para_Trl>
        <AD_Process_Para_Trl type="translation">
            <Description/>
            <Help/>
            <Name>Fecha Prometida Desde</Name>
            <Placeholder/>
            <Placeholder2/>
            <AD_Language>es_CO</AD_Language>
            <IsActive>Y</IsActive>
            <IsTranslated>N</IsTranslated>
        </AD_Process_Para_Trl>
    </AD_Process_Para>
    <AD_Process_Para type="table">
        <AD_Client_ID>0</AD_Client_ID>
        <AD_Org_ID>0</AD_Org_ID>
        <AD_Org_ID reference="id">0</AD_Org_ID>
        <IsActive>Y</IsActive>
        <Name>Date Promised</Name>
        <Description>Date Order was promised</Description>
        <Help>The Date Promised indicates the date, if any, that an Order was promised for.</Help>
        <AD_Process_ID reference="id">53016</AD_Process_ID>
        <SeqNo>70</SeqNo>
        <AD_Reference_ID reference="id">15</AD_Reference_ID>
        <AD_Reference_Value_ID reference="id"/>
        <IsRange>N</IsRange>
        <AD_Val_Rule_ID reference="id"/>
        <FieldLength>0</FieldLength>
        <IsMandatory>N</IsMandatory>
        <DefaultValue/>
        <VFormat/>
        <ValueMin/>
        <ValueMax/>
        <ColumnName>DatePromisedTo</ColumnName>
        <DefaultValue2/>
        <IsCentrallyMaintained>N</IsCentrallyMaintained>
        <EntityType>U</EntityType>
        <AD_Element_ID reference="id">269</AD_Element_ID>
        <ReadOnlyLogic>@DatePromisedFrom@=null</ReadOnlyLogic>
        <DisplayLogic/>
        <AD_Process_Para_UU>f226e955-5ec5-4bca-a3c5-b33d2f879b9f</AD_Process_Para_UU>
        <IsEncrypted>N</IsEncrypted>
        <MandatoryLogic/>
        <Query/>
        <AD_FieldGroup_ID reference="id"/>
        <Placeholder/>
        <Placeholder2/>
        <IsAutocomplete>N</IsAutocomplete>
        <DateRangeOption>D</DateRangeOption>
        <IsShowNegateButton>N</IsShowNegateButton>
        <AD_Process_Para_Trl type="translation">
            <Description/>
            <Help/>
            <Name>Fecha Prometida Hasta</Name>
            <Placeholder/>
            <Placeholder2/>
            <AD_Language>es_CL</AD_Language>
            <IsActive>Y</IsActive>
            <IsTranslated>Y</IsTranslated>
        </AD_Process_Para_Trl>
        <AD_Process_Para_Trl type="translation">
            <Description/>
            <Help/>
            <Name>Fecha Prometida Hasta</Name>
            <Placeholder/>
            <Placeholder2/>
            <AD_Language>es_CO</AD_Language>
            <IsActive>Y</IsActive>
            <IsTranslated>Y</IsTranslated>
        </AD_Process_Para_Trl>
    </AD_Process_Para>
</idempiere>
